File,Subject,Type,Visual cue (from design doc),GPT Prompt,Format notes,Status
druid.png,Druid,Character,"Hooded robe, natural detailing (leaves/moss/bark), gender-neutral, calm/still posture; flagged Session 14 as reading most out of place against the new art (blocky low-res chibi style, crude flat-yellow face) — being redone to match the fidelity established by the Session 18 background/statue redo","Pixel art character sprite, matching the same painterly rendering quality and pixel density as the grove background and statue art already generated earlier in this conversation — not the blocky, low-resolution style of the druid sprite attached now (that's reference only, for silhouette/identity, not fidelity).

Subject: a druid in a hooded robe with natural detailing — leaves, moss patches, and bark-like texture woven into the fabric, as though grown from the grove itself rather than sewn. Deep earthy green robe with brown bark-toned accents down the front. Standing in a calm, still, upright pose, hands hidden within long sleeves. Gender-neutral silhouette.

Face mostly obscured in shadow beneath the hood — at most a faint, soft suggestion of calm features, not a fully rendered or expressive face. The druid should read as a quiet, grounded, still presence, in the same ""faceless but present"" spirit as the statue, not a cartoon character with a clear expression.

Front-facing, slight three-quarter angle to match the background's perspective. Single static idle pose — no walking cycle needed, idle motion (breathing, cloak ripple) is handled separately in code. PNG transparent background.",PNG transparent background; single static idle pose; idle animation (breathing/cloak ripple) stays code-driven per existing renderer.py pattern; mockup-tested at ~317px height (bumped 10% from an initial 288px once seen at true 900x640 in-game scale), standing left of the statue centered around background x=560, bottom edge ~y=646 (pre-crop 1536x1024 background coords) — noticeably smaller than the statue and positioned closer to it than the old layout; two rounds of face/gender-presentation corrections applied (chest flattened, hair length adjusted) — user accepted as ""not 100% happy but it'll do""; a fresh (non-edit) prompt was needed after an edit pass drifted into painterly/non-pixel style. SUPERSEDED same session: user wasn't happy with this version after all and had it redone from scratch (no reference to the old sprite), going through several rounds — too ornate/fantasy-cover-art (glowing staff orb, charms, pouches), then too dark/ominous using a real costume photo as reference, then proportions reading oddly once placed next to the rest of the cast. Final accepted version (""druid_v3"") dropped all ornamentation, kept a plain wooden staff, scarf, visible boots, and a muted (not black) dark green/gray/brown palette, facing mostly toward the viewer. That generation came back on a solid black non-transparent canvas and needed a flood-fill background removal pass before a cleanly-transparent version was regenerated. Placed unflipped (unlike the interim v2 attempt) at the same spot as the original: standing left of the statue, centered around background x=560, bottom edge ~y=646 (pre-crop 1536x1024 background coords), ~317px height,Redo complete (Session 18, second pass) — final art (druid_v3) copied to assets/sprites/druid.png; placement/scale signed off; not yet wired into renderer.py
stirge.png,Stirge,Creature,"Mosquito/bat hybrid, scrawny, pathetic-endearing, a little ugly; current sprite's proboscis reads too much like a bird beak, undermining the ""mosquito"" half of the brief",,"Pixel art creature sprite, matching the pixel art density and rendering quality of the grove background, statue, druid, and blink dog art already generated earlier in this conversation.

Subject: a stirge — a scrawny, pathetic-endearing bat/mosquito hybrid, a little ugly but sympathetic, not menacing or gross. Small hunched frail body, large bat-like ears, big round dark eyes with a droopy, mournful expression. A long, thin, curved needle-like proboscis extending from its face. Thin membranous bat wings with a slightly tattered/holey edge (torn leather look), long thin tail.

Keep the current color palette: warm gold/yellow fur, dark maroon ear-tips and wing edges, olive-green wing membrane.

Reference images attached: (1) the current in-game sprite — match its color palette, silhouette, and ""pathetic little guy"" character exactly, but re-render at the higher pixel art fidelity established this session (current one is lower-res with leftover checkerboard background artifacts to ignore, and its proboscis reads too much like a bird beak); (2) an official stirge illustration — reference only for the curved needle-thin proboscis shape and the tattered wing-membrane texture, NOT its tone — ignore the skinless/muscular horror-creature texture, exposed sinew, and unsettling detail. This should stay a small, sad, endearing creature, not something disturbing.

Three-quarter angle, single hunched/perched pose. PNG transparent background.","PNG transparent background; first generation nailed the ""pathetic little guy"" character (droopy eyes, palette, tattered wing hole) with two quick fixes needed (proboscis blended more naturally into the face, fur mane moved from a chest-collar to framing the head); a follow-up correction bolded the outline weight (kept the maroon hue) to match the bolder ink line used across statue/druid/background — this cost a little of the spiky/shaggy fur texture but was accepted since it blends noticeably better at full-scene scale; mockup-tested at ~115px height perched on the nearer standing stone (not the one with the spiral carving), centered around background x=1172, bottom edge ~y=580 (pre-crop 1536x1024 background coords), near the blink dog",Redo complete (Session 18) — final art (alpha-cleaned) copied to assets/sprites/stirge.png; placement/scale signed off; not yet wired into renderer.py
blink_dog.png,Blink Dog,Creature,"Enthusiastic canine, faint shimmer/teleport aura, can't sit still",,"Pixel art creature sprite, matching the pixel art density and rendering quality of the grove background, statue, and druid art already generated earlier in this conversation.

Subject: a blink dog — an enthusiastic, scrappy canine caught mid-motion, chaotic energy, can't sit still. Warm amber/gold fur, athletic canine build with upright pointed ears, mid-leap or mid-turn pose suggesting constant restless movement. A faint shimmer or teleport-flicker aura around it — soft translucent afterimage or sparkle trail suggesting it just blinked from one spot to another.

Expression and demeanor: friendly, eager, a little goofy — big expressive eyes, mouth open in a happy pant or grin, NOT a snarl. This is a good, loyal creature, not a predator.

Reference images attached: (1) the current in-game sprite — keep its color palette (warm amber/gold), its cheerful expressive eyes, and its sense of floofy chaotic energy, but re-render at the higher pixel art fidelity established this session (the current one is lower-res and has leftover background-removal artifacts to ignore); (2) the official D&D blink dog reference — keep only the general canine anatomy and proportions (longer legs, build, ear shape), and drop everything else: the bared fangs, snarling expression, muscular predatory body, and menacing claws. This should read as an excitable good dog, not a monster.

Three-quarter angle, single pose capturing mid-motion energy. PNG transparent background.","PNG transparent background; dog itself (pose/expression/fur/colors) accepted on first generation — three follow-up corrections needed on the shimmer effect only: (1) initial aura was far too large/dominant (read as a wing), shrunk and made blue instead of purple/pink, (2) further concentrated to hug mainly the legs rather than spreading up the back/tail, (3) a baked-in duplicate/afterimage limb was removed — any teleport afterimage effect is being handled in code instead (same technique as displacer_beast's ghost-offset), not baked into the art. A LATER style-consistency pass (fur shading too smooth/gradient-heavy, eyes too anime-glossy, colors too saturated vs. the rest of the cast) required a full edit that ended up changing the pose/proportions too, not just the flagged style issues — accepted as ""blink_dog_v2"" since the new style match was worth the pose drift; that edit also dropped a front leg, fixed in one more pass. Final file is the v2/restyled version, not the original first generation; mockup-tested at ~181px height (bumped 10% from an initial 165px alongside the statue/druid bump) placed on the dirt path where it exits the clearing toward the Feywild Boundary, in front of (foreground of) the statue, centered around background x=890, bottom edge ~y=770 (pre-crop 1536x1024 background coords). SUPERSEDED same session: user wanted higher rendering fidelity/finer fur shading to match how detailed the later creatures (owlbear, pseudodragon, flumph) turned out — v2 read as flat/blocky by comparison. One corrective pass (""blink-dog-v3"") bumped the shading detail/gradient fidelity significantly while keeping pose, expression, colors, and shimmer unchanged; the resulting glossier eyes (visible white sclera) were flagged as a possible mismatch but read fine at actual in-game scale, so left as-is. Same placement as v2.",Redo complete (Session 18, second pass) — final art (blink-dog-v3) copied to assets/sprites/blink_dog.png (alpha-cleaned, see owlbear's glow-fringe note); placement/scale signed off; not yet wired into renderer.py
owlbear.png,Owlbear,Creature,"Big, anxious owl-bear hybrid, looks accidentally destructive; flagged Session 14 as reading most out of place against the new art — redone this pass leaning into the official owlbear's anatomy/physicality rather than the old cartoon interpretation",,"Pixel art creature sprite, matching the pixel art density and rendering quality of the grove background, statue, druid, blink dog, and stirge art already generated earlier in this conversation.

Subject: an owlbear, lying down on its belly, head resting on its front paws, in a low, settled, sleepy-anxious pose — slightly angled to face toward the viewer rather than in profile. Heavy bear-like body, real feather-to-fur transition texture, thick legs with visible large claws. Anxious, sheepish, worried expression — big flat dark eyes (no white sclera, no glossy highlight, matching the simple eye style of the stirge and blink dog), an apologetic ""I didn't mean to break that"" look.

Reference image attached: the previously generated owlbear (sitting pose, closely following official owlbear anatomy/proportions/texture per an earlier D&D reference image, with the expression overridden to anxious/sheepish instead of fierce). Match its color palette, texture, proportions, and character exactly — this is the same creature, just re-posed lying down with its head on its paws instead of sitting upright.

Three-quarter angle, single lying-down pose. PNG transparent background.","PNG transparent background — BUT the raw generation carries a very faint dark glow/vignette extending almost to the full canvas edges (leftover from its dark generation backdrop); this has genuine near-zero-but-nonzero alpha across nearly the whole image, so a naive ""crop to non-transparent bbox"" (e.g. `Image.getbbox()`, and by extension `renderer.py`'s existing `_load_sprite_raw()`) measures the ENTIRE canvas as the sprite, not just the creature — this silently undersized and mispositioned it in every mockup pass until caught. MUST be cleaned up with a proper alpha threshold (e.g. only alpha>128 counts as content) before use, both for any future compositing scripts and before this ships through the existing renderer.py sprite pipeline; mockup-tested at ~391px height nestled into the Thicket's bramble corner, flipped horizontally to face right (into the scene), centered around background x=190, bottom edge ~y=1050 — deliberately placed so the canvas edge crops the lower body/hindquarters, only the head, chest, and front paws (claw tips just cropped) are meant to be fully visible (pre-crop 1536x1024 background coords)","Redo complete (Session 18) — final art and placement signed off. Went through a standing-pose attempt first (rejected — thicket has no open ground for a large standing creature, and cropping it there read poorly) before landing on this lying-down pose; also needed 3 correction rounds (eyes flattened to match stirge/dog style + all 4 paws' claws restored; expression lightened from sad to neutral + outline darkened for the shaded thicket; internal linework/outline-weight reduction attempt, only partially successful but acceptable once cropped at in-game scale). Alpha-cleaned (glow-fringe thresholded out) and flipped horizontally to face right, then copied to assets/sprites/owlbear.png — not yet wired into renderer.py
pseudodragon.png,Pseudodragon,Creature,"Tiny dragon, perches high, mildly disdainful expression; will perch on the outermost branch of the canopy tree above the upper-right standing stone, so needs a pose that reads as gripping/perched without an actual branch baked into the sprite",,"Pixel art creature sprite, matching the pixel art density and rendering quality of the grove background, statue, druid, blink dog, stirge, and owlbear art already generated earlier in this conversation.

Subject: a pseudodragon with a slender, elongated, serpentine body — long sinuous neck and tail, like a Chinese dragon. A perching pose: feet gripped as if curled around a branch, tail curled in a coiled loop as if wrapped for balance, body poised and alert rather than resting. Do not include any branch, perch, or surface in the image — creature only, on a transparent background, so it can be placed onto the actual tree branch in our background art. Small membranous wings, mostly folded/settled against the body. Head held with a mildly disdainful, aloof expression — this creature believes it has the best seat in the grove and knows it.

Keep the current color palette: warm gold/amber body, cream underbelly, red membranous wings, red flame/spade-shaped tail-tip.

Reference images attached: (1) the current in-game sprite — keep its color palette and tail-flame/wing-color identity, but this is a full redo of its body proportions; (2) an official dragon illustration — reference only for the long, slender, serpentine body shape and elegant coiling posture, NOT its color (ignore the red/maroon monochrome, keep our gold palette) and not its dramatic rearing/flying action pose — this needs a calm, perched, watchful pose instead.

Three-quarter angle, single perched pose. PNG transparent background.","PNG transparent background — first generation nailed it (slender serpentine body, planted-feet perch pose, draped tail, disdainful expression, palette) with no correction rounds needed, a first for this redo pass; DOES carry the same faint glow-fringe issue as the owlbear (loose `getbbox()` reads x:0-1200 vs a true alpha>128 content box of x:273-1003 — same required fix, see owlbear's format notes); mockup-tested at ~110px height (bumped 5% from an initial 105px) standing on the lower/thicker canopy branch above the spiral-carved standing stone, centered around background x=1088, bottom edge ~y=238 (pre-crop 1536x1024 background coords) — deliberately NOT the upper outermost branch originally discussed, moved down one branch fork after the first placement pass. SUPERSEDED same session: user wanted the palette shifted toward brown/red, darker and slightly desaturated. Done ourselves with a script rather than another GPT round — circular HSV hue-blend toward red (naive hue multiplication first attempt wrapped the already-near-red wing color into teal by mistake, since its hue sat just below 1.0/360°; fixed by using shortest-path circular hue interpolation instead), desaturated ×0.85, darkened ×0.82, plus a subtle 15%-opacity brick-red multiply glaze on top. Saved as `pseudodragon_brownred2.png`. Same placement as before.",Redo complete (Session 18) — final art (recolored, alpha-cleaned) copied to assets/sprites/pseudodragon.png; placement/scale signed off; not yet wired into renderer.py
flumph.png,Flumph,Creature,"Jellyfish/manta-like floating creature, glows softly with mood; needs to end up smaller in-game per Session 14; Session 10 deliberately departed from official D&D anatomy (dropped twin eye-stalks/disc body for a jellyfish-dome silhouette) for readability at the old lower fidelity — user chose to reverse that decision this pass and lean fully into the official anatomy now that fidelity is much higher",,"Pixel art creature sprite, matching the pixel art density and rendering quality of the grove background, statue, druid, blink dog, stirge, owlbear, and pseudodragon art already generated earlier in this conversation.

Subject: a flumph, closely following the anatomy of the attached official flumph reference — a flat, manta-ray-like disc body, two long slender eye-stalks each ending in a large round eye, a mouth slit on the underside, and wavy tendrils/fronds trailing and drifting around the body's edges. Floating pose, as if drifting gently through the air.

Expression: soft, sleepy, courteous and gentle — half-lidded, drowsy eyes on the stalks rather than the wide alarmed eyes in the reference. This is a deeply polite, unhurried, empathetic creature, not alien or unsettling.

Color and glow: use a warm, pale gold/amber palette (matching the current in-game sprite) with a soft translucent inner glow, rather than the reference's saturated orange-body/cave-purple coloring — this creature should read as gently luminous, glowing with mood.

Reference images attached: (1) the current in-game sprite — keep its color palette and drowsy, courteous personality, but this is a full redo of body shape/anatomy; (2) an official flumph illustration — follow this closely for anatomy (disc body, twin eye-stalks, tendrils, underside mouth), adjusting only the coloring (warmer/paler, per above) and the eye expression (sleepy/gentle instead of wide/alarmed).

Three-quarter angle, single floating pose. PNG transparent background.","PNG transparent background; first generation nailed the anatomy (disc body, twin eye-stalks, sleepy expression, tendrils) but kept the old warm-gold palette instead of adopting the D&D reference's coloring as intended — one correction round fixed this: pink/coral body, tendrils pale/translucent along their length glowing blue only at the tips (not solid blue), tendrils lengthened, and a glassy semi-transparent rendering quality added to sell the translucency (visual styling only — the PNG itself is still fully opaque per-pixel, true alpha translucency on the tendrils was discussed as a possible future post-process but not pursued); no glow-fringe alpha issue on this one; mockup-tested at ~120px height (small, per the Session 14 sizing note) floating in an open gap of the Feywild Boundary's shimmer/starlight, centered around background x=1400, bottom edge ~y=380 (pre-crop 1536x1024 background coords); also given a small render-time light-bloom behind it (soft pink tint, radius ~0.9x its height) once the moss wisp/pixie bloom treatment was extended to it too — see moss_wisp's format notes for the technique",Redo complete (Session 18) — final art (alpha-cleaned) copied to assets/sprites/flumph.png; placement/scale signed off; not yet wired into renderer.py (bloom technique also needs implementing)
moss_wisp.png,Moss Wisp,Creature,"Ancient ambient presence, barely a creature, mossy/ghostly light; no official D&D reference exists for this creature (original to this game's design), so the redo was a pure art-direction discussion rather than reference-matching — user felt the original read as a solid glossy ball with cartoon dot-eyes, fighting the ""more presence than creature, barely aware you exist"" brief; agreed direction: more translucency, more light",,"Pixel art creature sprite, matching the pixel art density and rendering quality of the grove background, statue, druid, blink dog, stirge, owlbear, pseudodragon, flumph, and pixie art already generated earlier in this conversation.

Subject: a moss wisp — an ancient, ambient, barely-there presence rather than a solid creature. A softly glowing orb of pale green-white light with trailing wispy moss-like tendrils drifting below it. Render it as genuinely translucent and luminous — light shining through and from within the form, soft diffuse glow rather than a solid glossy sphere with a hard highlight/rim-light. It should look like a drifting pocket of living light, not an opaque object.

Brighter, more radiant glow than before — this creature is a visible manifestation of ancient grove-light, barely restrained.

Its two eye-markings should be very soft and faint — barely perceptible suggestions within the glow, not clearly defined dark dots. This creature has no legible personality and barely registers as aware of you; the face should almost dissolve into the light rather than read as an expression.

Reference image attached: the current in-game sprite. Keep its general silhouette, pale green color identity, and trailing moss-tendril shape — but this is a full redo toward translucency and luminosity; the current version reads as a solid glossy ball, which is the opposite of what's needed.

Three-quarter angle, single drifting pose. PNG transparent background.","PNG transparent background — no glow-fringe bug this time, but genuinely has soft translucent falloff at its edges by design (unlike the glow-fringe bug, this IS intentional), so placement/measurement used a looser alpha>20 threshold instead of the usual alpha>128 to capture its real intended extent rather than clipping the soft edges; first generation nailed it in one pass, no correction rounds needed. A render-time soft light-bloom effect (blurred colored ellipse composited BEHIND the sprite, same conceptual approach as the statue's existing ambient glow in `draw_statue()`) was added in the mockup to sell extra ambient light around it — this is NOT baked into the PNG, it's a compositing technique that should be replicated in `renderer.py` when wired in; the same bloom treatment was also added (smaller radius, cooler violet-blue tint) around the pixie sprite at the user's request — worth considering for other glow-coded creatures (flumph, pseudodragon) too when implementing; mockup-tested at ~88px height (two size reductions from an initial 140px) floating directly above the Oldwood's hollow-tree opening, centered around background x=315, bottom edge ~y=180 (pre-crop 1536x1024 background coords), with a soft green-white bloom (radius ~1.1x its own height) behind it",Redo complete (Session 18) — final art copied to assets/sprites/moss_wisp.png (deliberately NOT alpha-thresholded, unlike the other creatures, since its soft translucent falloff is intentional); placement/scale signed off; not yet wired into renderer.py (bloom compositing technique also needs implementing, see format notes)
pixie.png,Pixie,Creature,"Small, chaotic fae, mischievous expression",,"Pixel art creature sprite, matching the pixel art density and rendering quality of the grove background, statue, druid, blink dog, stirge, owlbear, pseudodragon, and flumph art already generated earlier in this conversation.

Subject: a pixie — small, chaotic, mischievous fae caught mid-motion, impish energy, can't sit still.

Color palette: shift toward cooler, iridescent tones (blues, violets, soft teals) that harmonize with the Feywild Boundary's shimmering purple/starlit setting, while keeping a few warm gold sparkle accents for contrast and personality continuity with the original design.

Reference image attached: the current in-game sprite. Keep its silhouette, wild hair shape, wing shape, hollow-eyed expression, and chaotic mid-motion pose — this is a full redo of fidelity and palette, not the character itself. Do not carry over the black smear/shadow shape beneath it.

Three-quarter angle, single mid-motion pose. PNG transparent background.","PNG transparent background — same glow-fringe issue as owlbear/pseudodragon (loose `getbbox()` reads nearly the full 1254x1254 canvas vs a true alpha>128 content box of x:109-1173, y:159-1107); needs the alpha-threshold cleanup before shipping. User tried integrating the ORIGINAL (un-redone) sprite first — it does have genuine alpha transparency (the checkerboard look in previews is just the viewer's transparency convention, not baked in), but once placed in the actual scene its low pixel fidelity and warm gold/green palette visibly clashed against both the newer painterly art and the cool-toned Feywild Boundary backdrop, and a black smear/shadow artifact beneath it read as a mistake rather than a motion effect — user decided to redo it after seeing that. A trimmed prompt (dropped most of the descriptive redundancy, kept only what the reference image couldn't convey) worked fine in one pass, no correction rounds needed; mockup-tested at ~63px height (sized down 30% from an initial 90px once seen in context) floating deep in the Feywild Boundary veil, upper-right, near the flumph, centered around background x=1420, bottom edge ~y=180 (pre-crop 1536x1024 background coords); also given a small render-time light-bloom behind it (cooler violet-blue tint, smaller radius ~0.8x its height) when the moss wisp got the same treatment — see moss_wisp's format notes for the technique",Redo complete (Session 18) — final art (alpha-cleaned) copied to assets/sprites/pixie.png; placement/scale signed off; not yet wired into renderer.py
displacer_beast.png,Displacer Beast,Creature,"Large shimmering feline-like beast, proud and protective bearing; design.md: proud, intensely protective, carries grief from past encounters, keeps distance out of self-protection not aloofness — current sprite read too much like a slender domestic cat, not the powerful six-limbed anatomy the lore calls for",,"Pixel art creature sprite, matching the pixel art density and rendering quality of the grove background, statue, druid, blink dog, stirge, owlbear, pseudodragon, flumph, pixie, and moss wisp art already generated earlier in this conversation.

Subject: a displacer beast, following the attached reference image for anatomy — six-limbed panther with two shoulder tentacles, short sleek fur, proper muscular build.

Changes from the reference: calm, dignified, proud demeanor instead of fierce — no bared teeth, no snarl, no aggressive crouch. Standing with quiet watchful composure. Deep blue-black fur with a subtle iridescent violet-blue sheen, pale luminous eyes.

Three-quarter angle, single standing pose. PNG transparent background.","PNG transparent background. Rockiest redo of this pass — several rounds before landing: (1) first attempt from an earlier, more descriptive prompt had correct anatomy concept but botched execution — tentacle tips hallucinated into clawed paw/hand shapes (read as 6 legs rather than 4 legs + 2 tentacles), hind legs unnaturally splayed, fur turned into swirly mane-like tufts instead of sleek panther coat, and physique was overly sinewy/bodybuilder-like rather than a fuller panther build; (2) user had me scrap that prompt entirely and write a minimal fresh one (listed here) that just points at the reference for anatomy and states only the deltas (calmer demeanor, our palette) rather than re-describing everything the reference already shows; (3) that pass (saved as `displacer_beast.png`) actually succeeded — correct 4 legs properly positioned + 2 tentacles with correct barbed (not clawed) tips, calm expression, fuller physique than the first attempt; (4) user also tried a second variant directly with GPT (not a prompt I drafted — done conversationally on their end) asking for an even fuller/fluffier panther build, saved as `displacer_beast_2.png` — fur came out shaggier/softer and tentacle tips slightly less crisp, but body fullness was closer to what was wanted; user chose to go with this v2 for final placement. Both files are present in assets/_temp; `displacer_beast_2.png` is the one signed off. No glow-fringe alpha issue on either file; mockup-tested at ~304px height (sized down 20% from an initial 380px, then repositioned up and left twice) standing near the base of the Oldwood's ancient hollow tree, centered around background x=200, bottom edge ~y=520 (pre-crop 1536x1024 background coords)",Redo complete (Session 18) — final art (displacer_beast_2, alpha-cleaned) copied to assets/sprites/displacer_beast.png; placement/scale signed off; not yet wired into renderer.py
statue.png,Silvanus Statue,Object,"Antlered hooded figure of Silvanus, source of the grove's Ward; previously baked into the background art (carved stone) and only ever existed as a rough hand-extracted cutout (Session 13) used to drive its halo/click-rect — being promoted to a real standalone sprite this redo, and reimagined as living wood rooted into the ground rather than carved stone, so it can be positioned, clicked, and highlighted independently of the background","Pixel art statue sprite, same painterly RPG style and pixel density as the grove's other sprites and background art. A hooded, antlered anthropomorphic figure of Silvanus — grown from living wood rather than carved stone, as if the grove itself shaped it. Aged, weathered bark forms its robe and hooded form, standing in a still, dignified pose, holding a staff that looks like a living branch rather than a carved tool. Face mostly hidden in shadow beneath the hood, only a faint suggestion of features worked into the bark.

No base, no plinth, no separate ground platform — its lower body/robe tapers directly into roots that plunge into the earth, as though it grew there rather than being placed there. A little moss and small new growth (tiny leaves, faint fungus) here and there along the bark, showing it's alive and tended, not dead wood. A faint warm magical glow (soft violet-green) from within the wood grain, especially around the antlers and chest, suggesting the living ward it generates.

Reference image attached: this is the current background art, where this statue appears (carved from stone) at the center of the clearing. Keep its general silhouette and identity — antlers, hood, standing pose, staff — so the game's ""character"" carries over, but change the material from stone to living wood, and remove the base/plinth it's currently mounted on; the roots themselves should be the transition into the ground.

Front-facing, slight three-quarter angle to match the background's perspective. Single static pose, PNG transparent background, cropped tight so the root-tips are the natural bottom edge of the sprite.",PNG transparent background; single static standing pose; no base/plinth — roots are the ground transition; cropped tight to root-tips; minor red fringe artifact near bottom-right robe edge needs a cleanup pass before final use; mockup-tested at ~440px height (bumped 10% from an initial 400px once seen at true 900x640 in-game scale) in the worn earth circle centered around background x=780, bottom edge ~y=626 (pre-crop 1536x1024 background coords) — root-to-ground blend treatment (alpha feather + contact shadow) tried and rejected, see IDEAS.md,Redo complete (Session 18) — final art copied to assets/sprites/statue.png (red fringe artifact not separately touched up, deemed negligible at in-game scale); placement/scale signed off; not yet wired into renderer.py
background.png,Heartstone clearing (full scene),Background,"Single unified clearing scene containing 4 distinct visually-readable sub-zones baked in: a thicket patch, a canopy/treetop area, a Feywild-boundary-ish edge, an oldwood corner — these get desaturated in code until each area is unlocked. Redo also drops the graveyard styling (cobblestone plaza, tombstone-shaped markers) in favour of a druid-sanctuary tone, and removes the statue entirely (now its own sprite, see above).","Pixel art fantasy forest clearing, painterly RPG style (Stardew Valley / RPG Maker density and palette), viewed from a slightly elevated three-quarter angle. A druid's sanctuary clearing on the edge of the Feywild, not a graveyard or ruin.

Composition, four readable zones arranged around a central clearing:
- Center (Heartstone, always in bloom): an open grass-and-bare-earth clearing, worn slightly bare in a rough circle at the very center where a statue has stood a long time — no cobblestone paving, just packed earth and moss creeping in at the edges. A few scattered wildflowers.
- Left/back (Oldwood): one massive ancient tree, thick gnarled trunk with a large hollow, heavy hanging moss, tangled surface roots, deep shadow beneath its canopy — centuries-old and heavy with quiet.
- Lower-left/foreground (Thicket): dense wild undergrowth — thorny brambles, overgrown low shrubs, tangled vines, a sense of wilderness that needs clearing, clearly overgrown and untended.
- Upper/back (Canopy): tall arching tree crowns framing the clearing from above, branches reaching toward each other overhead, dappled light breaking through gaps — read as ""height,"" distinct from the Oldwood's single ancient trunk.
- Right (Feywild Boundary): the forest edge dissolves into a shimmering translucent veil — colors go slightly oversaturated (violet, teal), faint half-visible ghost-tree silhouettes bleed into the haze, light behaves subtly wrong.
- A handful (3-4) of rough, weathered standing stones scattered near the clearing — irregular monolith shapes, moss-covered, Stonehenge-like, not tombstone-shaped. De-emphasized, not a focal point.
- No statue in this piece — it is now a separate sprite. Leave the worn central spot empty/ready for it.
- Sky gap: leave an open gap in the canopy above the clearing, at top-center, where sky would show through the trees. Paint this gap area a flat, solid placeholder magenta (#FF00FF) — nothing else in the image should use that color — so it can be chroma-keyed out in post-processing and replaced with a dynamic sky gradient in code.
- Landscape orientation, generous breathing room at the left and right edges (final crop will trim slightly narrower than generated).

Reference image attached: this is the current background art. Match its pixel art density, color saturation, and overall painterly forest style — keep it feeling like the same game. Do not carry over its cobblestone plaza, the ring of tombstone-shaped markers, or its lack of distinct zones — those are being deliberately redesigned (see composition above). Also don't replicate its statue — the statue is being generated separately this time.","PNG; no transparency needed except the chroma-key magenta sky gap (gets keyed to alpha in post-processing); generate landscape (1536x1024, closest GPT offers to the 900x640 window) and crop-to-cover afterward as before; the 4 zone boundaries should be distinct enough this time (tree masses / color shifts) to re-measure `_ZONE_RECTS` accurately in renderer.py instead of guessing",Redo complete (Session 18) — final art signed off after 2 refinement passes (Feywild Boundary widened then made full-height instead, Oldwood darkened); copied to assets/background/background.png (old raw source files and the Session 11 mockup composite deleted from that folder); not yet wired into renderer.py (zone rects still need re-measuring against this art)
